<?xml version="1.0" encoding="UTF-8" ?>
<extension type="package" version="2.5.7" method="upgrade">
    <name>pkg_attachments</name>
    <packagename>attachments</packagename>
    <version>3.2.1</version>
    <creationDate>February 15, 2015</creationDate>
    <copyright>(C) 2007-2015 Jonathan M. Cameron. All rights reserved.</copyright>
    <license>http://www.gnu.org/licenses/gpl-3.0.html GNU/GPL</license>
    <author>Jonathan M. Cameron</author>
    <authorEmail>jmcameron@jmcameron.net</authorEmail>
    <authorUrl>http://joomlacode.org/gf/project/attachments/</authorUrl>
    <packager>Jonathan M. Cameron</packager>
    <packagerurl>http://joomlacode.org/gf/project/attachments/</packagerurl>
    <description>ATTACH_PACKAGE_ATTACHMENTS_FOR_JOOMLA_16PLUS</description>

    <files folder="packages">
	<file type="plugin" id="attachments"		       group="content">attachments_plugin.zip</file>
	<file type="plugin" id="attachments"		       group="search">attachments_search.zip</file>
	<file type="plugin" id="attachments_plugin_framework"  group="attachments">attachments_plugin_framework.zip</file>
	<file type="plugin" id="attachments_for_content"       group="attachments">attachments_for_content.zip</file>
	<file type="plugin" id="show_attachments"	       group="system">show_attachments_in_editor_plugin.zip</file>
	<file type="plugin" id="add_attachment"		       group="editors-xtd">add_attachment_btn_plugin.zip</file>
	<file type="plugin" id="insert_attachments_token"      group="editors-xtd">insert_attachments_token_btn_plugin.zip</file>
	<file type="plugin" id="attachments"	               group="quickicon">attachments_quickicon_plugin.zip</file>

	<file type="component" id="com_attachments">attachments_component.zip</file>
    </files>

    <updateservers>
       <server type="extension" priority="1" name="Attachments Updates">http://jmcameron.net/attachments/updates/updates.xml</server>
    </updateservers>

</extension>
