<?xml version="1.0" encoding="utf-8"?>
<extension version="2.5" type="file" method="upgrade">
  <name>attachments_pl_pl_language_pack</name>
  <version>3.2.0</version>
  <creationDate>2016-04-04</creationDate>
  <author>Jonathan M. Cameron, Piotr Gręźlikowski (3.2), Sebastian Konieczny (2.0, 3.0), Stefan Wajda (3.0), Piotr Wójcik (1.3.4)</author>
  <authorEmail>jmcameron@jmcameron.net</authorEmail>
  <authorUrl></authorUrl>
  <copyright>Copyright (C) 2011-2016 Jonathan M. Cameron. All rights reserved.</copyright>
  <license>GNU GPL 3: http://www.gnu.org/licenses/gpl-3.0.html</license>
  <description>ATTACHMENTS_PL_PL_LANGUAGE_PACK</description>
  <scriptfile>install.php</scriptfile>
  <fileset>

    <!-- Admin component language folder -->
    <files folder="attachments_component/admin" target="administrator/components/com_attachments/language/pl-PL">
      <filename>index.html</filename>
      <filename>pl-PL.com_attachments.ini</filename>
      <filename>pl-PL.com_attachments.sys.ini</filename>
    </files>

    <!-- Site component language folder -->
    <files folder="attachments_component/site" target="components/com_attachments/language/pl-PL">
      <filename>index.html</filename>
      <filename>pl-PL.com_attachments.ini</filename>
    </files>

    <!-- Attachments plugin language files -->
    <files folder="attachments_plugin" target="plugins/content/attachments/language/pl-PL">
      <filename>index.html</filename>
      <filename>pl-PL.plg_content_attachments.ini</filename>
      <filename>pl-PL.plg_content_attachments.sys.ini</filename>
    </files>

    <!-- Attachments search plugin language files -->
    <files folder="attachments_search" target="plugins/search/attachments/language/pl-PL">
      <filename>index.html</filename>
      <filename>pl-PL.plg_search_attachments.ini</filename>
      <filename>pl-PL.plg_search_attachments.sys.ini</filename>
    </files>

    <!-- Attachments add attachment editor button language files -->
    <files folder="add_attachment_btn_plugin" target="plugins/editors-xtd/add_attachment/language/pl-PL">
      <filename>index.html</filename>
      <filename>pl-PL.plg_editors-xtd_add_attachment.ini</filename>
      <filename>pl-PL.plg_editors-xtd_add_attachment.sys.ini</filename>
    </files>

    <!-- Attachments insert attachment token editor button language files -->
    <files folder="insert_attachments_token_btn_plugin" target="plugins/editors-xtd/insert_attachments_token/language/pl-PL">
      <filename>index.html</filename>
      <filename>pl-PL.plg_editors-xtd_insert_attachments_token.ini</filename>
      <filename>pl-PL.plg_editors-xtd_insert_attachments_token.sys.ini</filename>
   </files>

    <!-- Attachments show attachment in editor plugin language files -->
    <files folder="show_attachments_in_editor_plugin" target="plugins/system/show_attachments/language/pl-PL">
      <filename>index.html</filename>
      <filename>pl-PL.plg_system_show_attachments.ini</filename>
      <filename>pl-PL.plg_system_show_attachments.sys.ini</filename>
    </files>

    <!-- Attachments quickicon plugin language files -->
    <files folder="attachments_quickicon_plugin" target="plugins/quickicon/attachments/language/pl-PL">
      <filename>index.html</filename>
      <filename>pl-PL.plg_quickicon_attachments.ini</filename>
      <filename>pl-PL.plg_quickicon_attachments.sys.ini</filename>
    </files>

    <!-- Attachments attachments for content plugin language files -->
    <files folder="attachments_for_content" target="plugins/attachments/attachments_for_content/language/pl-PL">
      <filename>index.html</filename>
      <filename>pl-PL.plg_attachments_attachments_for_content.ini</filename>
      <filename>pl-PL.plg_attachments_attachments_for_content.sys.ini</filename>
    </files>

    <!-- Attachments attachments plugin framework language files -->
    <files folder="attachments_plugin_framework" target="plugins/attachments/attachments_plugin_framework/language/pl-PL">
      <filename>index.html</filename>
      <filename>pl-PL.plg_attachments_attachments_plugin_framework.ini</filename>
      <filename>pl-PL.plg_attachments_attachments_plugin_framework.sys.ini</filename>
    </files>

    <!-- Languages for this set of files -->
    <files folder="language/en-GB" target="language/en-GB">
      <filename>en-GB.files_attachments_pl_pl_language_pack.sys.ini</filename>
    </files>
    <files folder="language/pl-PL" target="language/pl-PL">
      <filename>pl-PL.files_attachments_pl_pl_language_pack.sys.ini</filename>
    </files>

  </fileset>

  <updateservers>
       <server type="extension" priority="1" name="Attachments Polish (pl-PL) Language Pack Updates">http://jmcameron.net/attachments/updates/translations/Polish-pl-PL/updates.xml</server>
  </updateservers>

</extension>
