<?xml version="1.0" encoding="utf-8"?>
<extension type="plugin" group="jevents" version="2.5" method="upgrade">
    <name>plg_jevents_save_attachments</name>
    <version>3.2.2</version>
    <creationDate>March 3, 2015</creationDate>
    <author>Jonthan M. Cameron</author>
    <authorEmail>jmcameron@jmcameron.net</authorEmail>
    <authorUrl>http://jmcameron.net/attachments</authorUrl>
    <copyright>(C) 2015 Jonathan M. Cameron. All rights reserved.</copyright>
    <license>http://www.gnu.org/licenses/gpl-3.0.html GNU/GPL</license>
    <description>ATTACH_JEVENTS_JEVENTS_SAVE_ATTACHMENTS_PLUGIN_DESCRIPTION</description>
    <scriptfile>install.php</scriptfile>

    <files>
        <filename plugin="jevents_save_attachments">jevents_save_attachments.php</filename>
	<filename>index.html</filename>
	<filename>LICENSE.txt</filename>
	<folder>language</folder>
    </files>

    <updateservers>
      <server type="extension" priority="1" name="Attachments for JEvents (save) plugin updates">http://jmcameron.net/attachments/updates/attachments_for_jevents_save/updates.xml</server>
    </updateservers>

</extension>
