<?xml version="1.0" encoding="utf-8"?>
<extension type="plugin" group="attachments" version="2.5" method="upgrade">
    <name>plg_attachments_for_jevents</name>
    <version>3.2.3</version>
    <creationDate>May 7, 2015</creationDate>
    <author>Jonthan M. Cameron</author>
    <authorEmail>jmcameron@jmcameron.net</authorEmail>
    <authorUrl>http://jmcameron.net/attachments</authorUrl>
    <copyright>(C) 2015 Jonathan M. Cameron. All rights reserved.</copyright>
    <license>http://www.gnu.org/licenses/gpl-3.0.html GNU/GPL</license>
    <description>ATTACH_ATTACHMENTS_FOR_JEVENTS_PLUGIN_DESCRIPTION</description>
    <scriptfile>install.php</scriptfile>

    <files>
      <filename plugin="attachments_for_jevents">attachments_for_jevents.php</filename>
      <filename>index.html</filename>
      <filename>LICENSE.txt</filename>
      <folder>language</folder>
    </files>

    <config>
      <fields name="params">
        <fieldset name="help">
          <field type="spacer" name="help" class="text" label="ATTACH_ATTACHMENTS_FOR_JEVENTS_PLUGIN_HELP" />
        </fieldset>
      </fields>
    </config>

    <updateservers>
      <server type="extension" priority="1" name="Attachments for JEvents plugin updates">http://jmcameron.net/attachments/updates/attachments_for_jevents/updates.xml</server>
    </updateservers>

</extension>
